,Train redistributed,Dev redistributed,Test redistributed
count,230.0,230.0,230.0
mean,622.0869565217391,88.8695652173913,88.8695652173913
std,1604.5359968948405,229.2194281278342,229.2194281278342
min,0.0,0.0,0.0
25%,0.0,0.0,0.0
50%,98.0,14.0,14.0
75%,504.0,72.0,72.0
max,11494.0,1642.0,1642.0
