,Train redistributed,Dev redistributed,Test redistributed
count,230.0,230.0,230.0
mean,635.1304347826087,101.91304347826087,101.91304347826087
std,1599.5182654794633,224.57787924591332,224.57787924591332
min,30.0,10.0,10.0
25%,30.0,30.0,30.0
50%,98.0,30.0,30.0
75%,504.0,72.0,72.0
max,11494.0,1642.0,1642.0
