,Dev,Overall,Test,Train
count,230.0,230.0,230.0,230.0
mean,88.69565217391305,813.7173913043479,81.51739130434783,643.5043478260869
std,226.7485063541815,2059.3578519961793,207.03850063274874,1628.446334714938
min,0.0,0.0,0.0,0.0
25%,0.0,22.5,0.0,20.0
50%,10.0,130.0,10.0,110.0
75%,70.0,653.75,70.0,500.25
max,1650.0,14784.0,1560.0,11764.0
